source_file,sheet,assay_date,compound_label,concentration,concentration_unit,rep1,rep2,rep3,average_delta,sd_delta,normalized_viability_pct,sd_normalized_pct,needs_compound_mapping,ready_for_ec50
CCK BW1 H11 D12 2H11.xlsx,062723,2023-06-30,H11,0.0,BW1 (µM),0.953,0.824,0.915,0.8973333333333334,0.06628976793844835,100.0,8.110493630315865,True,True
CCK BW1 H11 D12 2H11.xlsx,062723,2023-06-30,H11,0.1,BW1 (µM),0.829,0.847,0.837,0.8376666666666667,0.009018499505645797,92.69983686786296,1.1034053228767287,True,True
CCK BW1 H11 D12 2H11.xlsx,062723,2023-06-30,H11,1.0,BW1 (µM),0.823,0.74,0.808,0.7903333333333333,0.04423045707805125,86.90864600326263,5.411556738750152,True,True
CCK BW1 H11 D12 2H11.xlsx,062723,2023-06-30,H11,5.0,BW1 (µM),0.183,0.203,0.187,0.19099999999999998,0.010583005244258372,13.580750407830337,1.2948211962795722,True,True
CCK BW1 H11 D12 2H11.xlsx,062723,2023-06-30,H11,10.0,BW1 (µM),0.105,0.115,0.113,0.111,0.005291502622129186,3.7928221859706355,0.6474105981397861,True,True
CCK BW1 H11 D12 2H11.xlsx,062723,2023-06-30,H11,25.0,BW1 (µM),0.098,0.1,0.107,0.10166666666666667,0.004725815626252605,2.65089722675367,0.5781993017437933,True,True
CCK BW1 H11 D12 2H11.xlsx,062723,2023-06-30,D12,0.0,BW1 (µM),0.624,0.66,0.598,0.6273333333333334,0.03113411847689501,100.0,5.688328588957674,True,True
CCK BW1 H11 D12 2H11.xlsx,062723,2023-06-30,D12,0.1,BW1 (µM),0.602,0.665,0.654,0.6403333333333333,0.03365016097039263,102.37515225334954,6.148019665723379,True,True
CCK BW1 H11 D12 2H11.xlsx,062723,2023-06-30,D12,1.0,BW1 (µM),0.428,0.427,0.438,0.431,0.006082762530298225,64.12911084043847,1.1113451638790908,True,True
CCK BW1 H11 D12 2H11.xlsx,062723,2023-06-30,D12,5.0,BW1 (µM),0.116,0.116,0.116,0.116,0.0,6.577344701583435,0.0,True,True
CCK BW1 H11 D12 2H11.xlsx,062723,2023-06-30,D12,10.0,BW1 (µM),0.11,0.108,0.108,0.10866666666666668,0.0011547005383792527,5.237515225334958,0.2109684296673421,True,True
CCK BW1 H11 D12 2H11.xlsx,062723,2023-06-30,D12,25.0,BW1 (µM),0.106,0.105,0.106,0.10566666666666667,0.0005773502691896263,4.689403166869671,0.10548421483367106,True,True
CCK BW1 H11 D12 2H11.xlsx,062723,2023-06-30,2H11,0.0,BW1 (µM),0.882,0.828,0.908,0.8726666666666666,0.04080849584747441,100.0,5.148254312128816,True,True
CCK BW1 H11 D12 2H11.xlsx,062723,2023-06-30,2H11,0.1,BW1 (µM),0.889,0.851,0.83,0.8566666666666666,0.029905406423142537,97.98149705634988,3.7727594310104124,True,True
CCK BW1 H11 D12 2H11.xlsx,062723,2023-06-30,2H11,1.0,BW1 (µM),0.89,0.83,0.822,0.8473333333333333,0.03716629297271031,96.8040370058873,4.688766985623673,True,True
CCK BW1 H11 D12 2H11.xlsx,062723,2023-06-30,2H11,5.0,BW1 (µM),0.11,0.11,0.113,0.111,0.001732050807568879,3.9108494533221196,0.21850935335183502,True,True
CCK BW1 H11 D12 2H11.xlsx,062723,2023-06-30,2H11,10.0,BW1 (µM),0.107,0.107,0.106,0.10666666666666667,0.0005773502691896263,3.364171572750211,0.07283645111727835,True,True
CCK BW1 H11 D12 2H11.xlsx,062723,2023-06-30,2H11,25.0,BW1 (µM),0.104,0.103,0.111,0.106,0.004358898943540678,3.2800672834314546,0.5499031467881427,True,True
CCK BW1 H11 D12 2H11.xlsx,070423,2023-07-07,H11,0.0,BW1 (µM),0.783,0.719,0.8,0.7673333333333333,0.042712215270731824,100.0,6.21419232842849,True,True
CCK BW1 H11 D12 2H11.xlsx,070423,2023-07-07,H11,0.1,BW1 (µM),0.746,0.704,0.749,0.733,0.02515949125081827,95.00484966052376,3.6604497455118725,True,True
CCK BW1 H11 D12 2H11.xlsx,070423,2023-07-07,H11,1.0,BW1 (µM),0.713,0.706,0.646,0.6883333333333334,0.03682843104631707,88.50630455868091,5.358161645923919,True,True
CCK BW1 H11 D12 2H11.xlsx,070423,2023-07-07,H11,2.5,BW1 (µM),0.334,0.338,0.381,0.351,0.026057628441590756,39.42774005819592,3.7911195598822633,True,True
CCK BW1 H11 D12 2H11.xlsx,070423,2023-07-07,H11,5.0,BW1 (µM),0.145,0.146,0.138,0.143,0.004358898943540661,9.165858389912703,0.6341754040068857,True,True
CCK BW1 H11 D12 2H11.xlsx,070423,2023-07-07,H11,10.0,BW1 (µM),0.119,0.124,0.117,0.12,0.0036055512754639865,5.819592628516003,0.5245709906106673,True,True
CCK BW1 H11 D12 2H11.xlsx,070423,2023-07-07,D12,0.0,BW1 (µM),0.919,0.623,0.793,0.7783333333333333,0.1485440450954985,100.0,21.27122364136017,True,True
CCK BW1 H11 D12 2H11.xlsx,070423,2023-07-07,D12,0.1,BW1 (µM),0.809,0.781,0.838,0.8093333333333333,0.02850146195080757,104.43914081145584,4.081354933289867,True,True
CCK BW1 H11 D12 2H11.xlsx,070423,2023-07-07,D12,1.0,BW1 (µM),0.79,0.757,0.66,0.7356666666666668,0.06757465007925186,93.89021479713607,9.676560870537259,True,True
CCK BW1 H11 D12 2H11.xlsx,070423,2023-07-07,D12,2.5,BW1 (µM),0.287,0.276,0.333,0.29866666666666664,0.030237945256470944,31.312649164677797,4.330016027179609,True,True
CCK BW1 H11 D12 2H11.xlsx,070423,2023-07-07,D12,5.0,BW1 (µM),0.122,0.13,0.128,0.12666666666666668,0.0041633319989322695,6.682577565632459,0.5961811931645254,True,True
CCK BW1 H11 D12 2H11.xlsx,070423,2023-07-07,D12,10.0,BW1 (µM),0.113,0.113,0.123,0.11633333333333333,0.0057735026918962545,5.202863961813842,0.8267545620853824,True,True
CCK BW1 H11 D12 2H11.xlsx,070423,2023-07-07,2H11,0.0,BW1 (µM),1.132,1.314,1.448,1.2979999999999998,0.15860643114325476,100.0,13.021874478099738,True,True
CCK BW1 H11 D12 2H11.xlsx,070423,2023-07-07,2H11,0.1,BW1 (µM),1.197,1.631,1.46,1.4293333333333333,0.21861915134162563,110.78270388615219,17.949027203745953,True,True
CCK BW1 H11 D12 2H11.xlsx,070423,2023-07-07,2H11,1.0,BW1 (µM),1.301,1.399,1.383,1.361,0.05257375771237971,105.17241379310347,4.316400468996693,True,True
CCK BW1 H11 D12 2H11.xlsx,070423,2023-07-07,2H11,2.5,BW1 (µM),0.963,0.848,1.007,0.9393333333333332,0.08209953308840025,70.55281882868091,6.740519957996738,True,True
CCK BW1 H11 D12 2H11.xlsx,070423,2023-07-07,2H11,5.0,BW1 (µM),0.193,0.207,0.235,0.21166666666666667,0.021385353243127243,10.810071154898743,1.7557761283355706,True,True
CCK BW1 H11 D12 2H11.xlsx,070423,2023-07-07,2H11,10.0,BW1 (µM),0.117,0.115,0.118,0.11666666666666665,0.001527525231651942,3.010399562123699,0.12541258059539756,True,True
CCK BW1 H11 D12 2H11.xlsx,070723,2023-07-10,H11,0.0,BW1 (µM),0.511,0.479,0.63,0.54,0.07956758133812991,100.0,17.29730029089781,True,True
CCK BW1 H11 D12 2H11.xlsx,070723,2023-07-10,H11,0.1,BW1 (µM),0.473,0.533,0.536,0.514,0.03553871128783376,94.34782608695652,7.725806801702991,True,True
CCK BW1 H11 D12 2H11.xlsx,070723,2023-07-10,H11,1.0,BW1 (µM),0.511,0.478,0.47,0.48633333333333334,0.02173323108360407,88.33333333333333,4.724615452957407,True,True
CCK BW1 H11 D12 2H11.xlsx,070723,2023-07-10,H11,2.5,BW1 (µM),0.205,0.206,0.205,0.20533333333333334,0.0005773502691896263,27.24637681159421,0.12551092808470138,True,True
CCK BW1 H11 D12 2H11.xlsx,070723,2023-07-10,H11,5.0,BW1 (µM),0.134,0.146,0.135,0.13833333333333334,0.006658328118479382,12.681159420289855,1.4474626344520396,True,True
CCK BW1 H11 D12 2H11.xlsx,070723,2023-07-10,H11,10.0,BW1 (µM),0.115,0.137,0.118,0.12333333333333334,0.01193035344544886,9.420289855072465,2.5935550968367087,True,True
CCK BW1 H11 D12 2H11.xlsx,070723,2023-07-10,D12,0.0,BW1 (µM),0.588,0.817,0.569,0.6579999999999999,0.1380253599886631,100.0,23.879820067242754,True,True
CCK BW1 H11 D12 2H11.xlsx,070723,2023-07-10,D12,0.1,BW1 (µM),0.613,0.634,0.59,0.6123333333333333,0.022007574453658772,92.09919261822377,3.8075388328129365,True,True
CCK BW1 H11 D12 2H11.xlsx,070723,2023-07-10,D12,1.0,BW1 (µM),0.564,0.495,0.563,0.5406666666666666,0.039551653989856494,79.70011534025375,6.842846711047837,True,True
CCK BW1 H11 D12 2H11.xlsx,070723,2023-07-10,D12,2.5,BW1 (µM),0.201,0.295,0.2,0.23199999999999998,0.05456189146281503,26.297577854671278,9.43977360948357,True,True
CCK BW1 H11 D12 2H11.xlsx,070723,2023-07-10,D12,5.0,BW1 (µM),0.123,0.124,0.123,0.12333333333333334,0.0005773502691896263,7.497116493656286,0.09988758982519487,True,True
CCK BW1 H11 D12 2H11.xlsx,070723,2023-07-10,D12,10.0,BW1 (µM),0.114,0.115,0.115,0.11466666666666668,0.0005773502691896263,5.997693194925032,0.09988758982519487,True,True
CCK BW1 H11 D12 2H11.xlsx,070723,2023-07-10,2H11,0.0,BW1 (µM),0.794,0.793,0.831,0.806,0.02165640782770767,100.0,2.982976284808218,True,True
CCK BW1 H11 D12 2H11.xlsx,070723,2023-07-10,2H11,0.1,BW1 (µM),0.835,0.85,0.964,0.883,0.07054785609782908,110.6060606060606,9.717335550665162,True,True
CCK BW1 H11 D12 2H11.xlsx,070723,2023-07-10,2H11,1.0,BW1 (µM),0.704,0.759,0.575,0.6793333333333335,0.09444751628991144,82.55280073461893,13.00929976445061,True,True
CCK BW1 H11 D12 2H11.xlsx,070723,2023-07-10,2H11,2.5,BW1 (µM),0.384,0.35,0.346,0.36000000000000004,0.02088061301782112,38.56749311294766,2.8761174955676467,True,True
CCK BW1 H11 D12 2H11.xlsx,070723,2023-07-10,2H11,5.0,BW1 (µM),0.118,0.117,0.118,0.11766666666666666,0.0005773502691896183,5.188246097337005,0.07952483046688956,True,True
CCK BW1 H11 D12 2H11.xlsx,070723,2023-07-10,2H11,10.0,BW1 (µM),0.117,0.114,0.115,0.11533333333333334,0.001527525231651948,4.866850321395776,0.21040292446996522,True,True
CCK BW1 H11 D12 2H11.xlsx,071423,2023-07-17,H11,0.0,BW1 (µM),0.659,0.755,0.69,0.7013333333333334,0.04899319680663156,100.0,7.885171159865593,True,True
CCK BW1 H11 D12 2H11.xlsx,071423,2023-07-17,H11,0.1,BW1 (µM),0.713,0.631,0.573,0.6389999999999999,0.0703420215802759,89.96781115879826,11.321140812276163,True,True
CCK BW1 H11 D12 2H11.xlsx,071423,2023-07-17,H11,1.0,BW1 (µM),0.733,0.801,0.625,0.7196666666666666,0.08875434261676166,102.95064377682401,14.284497202268506,True,True
CCK BW1 H11 D12 2H11.xlsx,071423,2023-07-17,H11,2.5,BW1 (µM),0.174,0.15,0.179,0.16766666666666663,0.015502687938977978,14.109442060085831,2.4950678013376573,True,True
CCK BW1 H11 D12 2H11.xlsx,071423,2023-07-17,H11,5.0,BW1 (µM),0.115,0.13,0.128,0.12433333333333334,0.008144527815247077,7.13519313304721,1.3108145625397654,True,True
CCK BW1 H11 D12 2H11.xlsx,071423,2023-07-17,H11,10.0,BW1 (µM),0.074,0.126,0.131,0.11033333333333334,0.03156474826976029,4.881974248927039,5.080163348137385,True,True
CCK BW1 H11 D12 2H11.xlsx,071423,2023-07-17,D12,0.0,BW1 (µM),1.168,1.175,1.187,1.1766666666666667,0.009609023536933109,100.0,0.876202754127639,True,True
CCK BW1 H11 D12 2H11.xlsx,071423,2023-07-17,D12,0.1,BW1 (µM),0.849,1.219,1.272,1.1133333333333333,0.23044811418914557,94.22492401215804,21.01350585311358,True,True
CCK BW1 H11 D12 2H11.xlsx,071423,2023-07-17,D12,1.0,BW1 (µM),0.814,1.005,0.928,0.9156666666666666,0.09609543867079919,76.20060790273556,8.762502006455852,True,True
CCK BW1 H11 D12 2H11.xlsx,071423,2023-07-17,D12,2.5,BW1 (µM),0.155,0.139,0.167,0.1536666666666667,0.014047538337136983,6.717325227963529,1.2809305474592994,True,True
CCK BW1 H11 D12 2H11.xlsx,071423,2023-07-17,D12,5.0,BW1 (µM),0.135,0.128,0.135,0.13266666666666668,0.004041451884327384,4.80243161094225,0.3685214484189104,True,True
CCK BW1 H11 D12 2H11.xlsx,071423,2023-07-17,D12,10.0,BW1 (µM),0.133,0.148,0.126,0.13566666666666669,0.011239810200058237,5.075987841945291,1.0249067051724836,True,True
CCK BW1 H11 D12 2H11.xlsx,071423,2023-07-17,2H11,0.0,BW1 (µM),1.558,1.52,1.46,1.5126666666666668,0.04940985056983413,100.0,3.4488029713704598,True,True
CCK BW1 H11 D12 2H11.xlsx,071423,2023-07-17,2H11,0.1,BW1 (µM),1.361,1.497,1.404,1.4206666666666667,0.06951498639382261,93.57840856212191,4.852139580769378,True,True
CCK BW1 H11 D12 2H11.xlsx,071423,2023-07-17,2H11,1.0,BW1 (µM),1.252,1.344,1.391,1.329,0.07070360669725415,87.1800837598883,4.935105167328116,True,True
CCK BW1 H11 D12 2H11.xlsx,071423,2023-07-17,2H11,2.5,BW1 (µM),0.114,0.249,0.186,0.18299999999999997,0.06754998149518635,7.189390414146112,4.714982421720778,True,True
CCK BW1 H11 D12 2H11.xlsx,071423,2023-07-17,2H11,5.0,BW1 (µM),0.139,0.137,0.125,0.13366666666666668,0.007571877794400371,3.7459283387622158,0.5285163653606587,True,True
CCK BW1 H11 D12 2H11.xlsx,071423,2023-07-17,2H11,10.0,BW1 (µM),0.118,0.116,0.112,0.11533333333333333,0.00305505046330389,2.466263378315495,0.2132422380156275,True,True
